dbNSFP_phastCons100way_vertebrate,controls_AF,D_DR_dbNSFP_FATHMM_pred,D_TR_dbNSFP_FATHMM_pred,D_DR_dbNSFP_Polyphen2_HDIV_pred,D_PR_dbNSFP_Polyphen2_HDIV_pred,D_BR_dbNSFP_Polyphen2_HDIV_pred,D_DR_dbNSFP_MutationTaster_pred,D_NR_dbNSFP_MutationTaster_pred,D_PR_dbNSFP_MutationTaster_pred,D_AR_dbNSFP_MutationTaster_pred,D_DR_dbNSFP_PROVEAN_pred,D_NR_dbNSFP_PROVEAN_pred
1.0,0.000823166,0.0,1.0,1.0,0.0,0.0,0.0,0.0,0.0,1.0,1.0,0.0
0.984,9.1555e-06,1.0,0.0,0.5,0.5,0.0,0.7142857142857143,0.2857142857142857,0.0,0.0,1.0,0.0
1.0,1.53459e-05,0.0,1.0,1.0,0.0,0.0,1.0,0.0,0.0,0.0,1.0,0.0
1.0,9.14913e-06,1.0,0.0,0.0,0.0,0.0,1.0,0.0,0.0,0.0,1.0,0.0
1.0,9.14595e-05,0.0,1.0,1.0,0.0,0.0,1.0,0.0,0.0,0.0,1.0,0.0
1.0,0.0,0.0,1.0,0.0,0.0,0.0,1.0,0.0,0.0,0.0,0.0,1.0
1.0,0.0,1.0,0.0,1.0,0.0,0.0,1.0,0.0,0.0,0.0,1.0,0.0
1.0,1.54622e-05,0.0,1.0,1.0,0.0,0.0,1.0,0.0,0.0,0.0,0.3333333333333333,0.6666666666666666
1.0,0.0,1.0,0.0,0.0,1.0,0.0,1.0,0.0,0.0,0.0,1.0,0.0
0.996,0.0,0.0,1.0,1.0,0.0,0.0,1.0,0.0,0.0,0.0,1.0,0.0
1.0,9.20641e-06,0.0,1.0,1.0,0.0,0.0,1.0,0.0,0.0,0.0,1.0,0.0
0.997,0.0,1.0,0.0,0.0,0.5,0.5,0.3333333333333333,0.6666666666666666,0.0,0.0,0.0,1.0
1.0,0.000156118,1.0,0.0,1.0,0.0,0.0,1.0,0.0,0.0,0.0,1.0,0.0
1.0,0.0,1.0,0.0,0.5,0.5,0.0,1.0,0.0,0.0,0.0,1.0,0.0
1.0,0.0,1.0,0.0,0.0,0.0,1.0,1.0,0.0,0.0,0.0,0.0,1.0
1.0,0.0,0.0,1.0,0.0,0.0,1.0,1.0,0.0,0.0,0.0,0.0,1.0
1.0,0.0,1.0,0.0,0.0,0.0,1.0,1.0,0.0,0.0,0.0,0.0,1.0
1.0,0.0,1.0,0.0,0.0,0.0,1.0,1.0,0.0,0.0,0.0,0.0,1.0
1.0,0.0,0.0,1.0,0.0,0.0,0.0,1.0,0.0,0.0,0.0,0.0,1.0
1.0,0.000224023,1.0,0.0,0.0,0.0,1.0,0.0,0.0,0.0,1.0,1.0,0.0
0.001,0.0,1.0,0.0,1.0,0.0,0.0,0.0,1.0,0.0,0.0,1.0,0.0
1.0,0.0,1.0,0.0,0.5,0.5,0.0,1.0,0.0,0.0,0.0,1.0,0.0
1.0,9.14027e-06,1.0,0.0,1.0,0.0,0.0,1.0,0.0,0.0,0.0,1.0,0.0
0.793,0.0,0.0,1.0,1.0,0.0,0.0,1.0,0.0,0.0,0.0,0.0,1.0
0.999,0.0,0.0,1.0,0.0,0.0,0.0,1.0,0.0,0.0,0.0,0.0,1.0
1.0,9.17886e-06,1.0,0.0,1.0,0.0,0.0,1.0,0.0,0.0,0.0,1.0,0.0
1.0,0.0,1.0,0.0,0.0,0.0,1.0,1.0,0.0,0.0,0.0,0.0,1.0
1.0,0.0,0.0,1.0,0.0,0.0,1.0,1.0,0.0,0.0,0.0,0.0,1.0
1.0,0.0,1.0,0.0,0.0,0.0,1.0,1.0,0.0,0.0,0.0,0.0,1.0
1.0,8.22654e-05,1.0,0.0,1.0,0.0,0.0,1.0,0.0,0.0,0.0,1.0,0.0
1.0,0.000229535,1.0,0.0,1.0,0.0,0.0,1.0,0.0,0.0,0.0,1.0,0.0
1.0,0.0,1.0,0.0,1.0,0.0,0.0,0.6666666666666666,0.3333333333333333,0.0,0.0,0.0,1.0
0.997,0.0,1.0,0.0,0.0,0.0,0.0,0.9285714285714286,0.0714285714285714,0.0,0.0,0.0,1.0
1.0,0.0,0.0,1.0,1.0,0.0,0.0,1.0,0.0,0.0,0.0,0.0,1.0
0.993,0.0,1.0,0.0,0.0,0.0,1.0,1.0,0.0,0.0,0.0,0.0,1.0
1.0,1.84288e-05,1.0,0.0,1.0,0.0,0.0,1.0,0.0,0.0,0.0,1.0,0.0
1.0,1.97992e-05,1.0,0.0,0.0,0.0,0.0,1.0,0.0,0.0,0.0,1.0,0.0
1.0,3.65979e-05,1.0,0.0,1.0,0.0,0.0,1.0,0.0,0.0,0.0,0.75,0.25
1.0,8.22684e-05,1.0,0.0,1.0,0.0,0.0,1.0,0.0,0.0,0.0,1.0,0.0
0.983,0.0,1.0,0.0,0.0,1.0,0.0,0.25,0.75,0.0,0.0,0.0,1.0
1.0,0.0,1.0,0.0,0.8,0.0,0.2,0.1666666666666666,0.8333333333333334,0.0,0.0,1.0,0.0
0.991,3.19e-05,1.0,0.0,1.0,0.0,0.0,1.0,0.0,0.0,0.0,1.0,0.0
1.0,0.0,1.0,0.0,1.0,0.0,0.0,1.0,0.0,0.0,0.0,1.0,0.0
1.0,2.79387e-05,1.0,0.0,1.0,0.0,0.0,1.0,0.0,0.0,0.0,1.0,0.0
1.0,0.00384496,1.0,0.0,1.0,0.0,0.0,0.0,0.0,0.0,1.0,1.0,0.0
1.0,0.000808407,1.0,0.0,1.0,0.0,0.0,1.0,0.0,0.0,0.0,1.0,0.0
1.0,0.000134388,0.0,1.0,0.0,0.0,1.0,1.0,0.0,0.0,0.0,0.0,1.0
1.0,9.1406e-06,1.0,0.0,0.0,0.0,0.0,1.0,0.0,0.0,0.0,0.0,1.0
0.0,6.40392e-05,1.0,0.0,1.0,0.0,0.0,0.0,1.0,0.0,0.0,1.0,0.0
0.154,0.0,0.6666666666666666,0.3333333333333333,0.0,1.0,0.0,0.5555555555555556,0.4444444444444444,0.0,0.0,1.0,0.0
0.0,0.000118823,1.0,0.0,0.0,0.5,0.5,0.0,1.0,0.0,0.0,0.0,1.0
0.999,0.307732,1.0,0.0,0.0,0.0,1.0,0.0,0.0,0.0,1.0,0.0,1.0
1.0,0.000128114,1.0,0.0,1.0,0.0,0.0,1.0,0.0,0.0,0.0,1.0,0.0
1.0,3.66334e-05,0.0,1.0,1.0,0.0,0.0,1.0,0.0,0.0,0.0,0.0,1.0
1.0,5.48516e-05,0.9166666666666666,0.0833333333333333,1.0,0.0,0.0,1.0,0.0,0.0,0.0,0.25,0.75
0.812,0.0,0.0,1.0,0.0,0.0,1.0,0.3333333333333333,0.6666666666666666,0.0,0.0,0.0,1.0
0.7724686868686867,0.0,0.0,0.0,0.0,0.0,0.0,0.0,0.0,0.0,0.0,0.0,0.0
0.7724686868686867,0.000146327,0.0,0.0,0.0,0.0,0.0,0.0,0.0,0.0,0.0,0.0,0.0
1.0,0.0,1.0,0.0,0.0,0.0,1.0,0.0,1.0,0.0,0.0,0.0,1.0
0.911,0.0,1.0,0.0,0.0,1.0,0.0,1.0,0.0,0.0,0.0,0.0,1.0
0.999,9.62519e-06,1.0,0.0,1.0,0.0,0.0,1.0,0.0,0.0,0.0,0.0,1.0
1.0,0.0,1.0,0.0,0.0,0.0,1.0,0.0,1.0,0.0,0.0,0.0,1.0
0.093,0.0,1.0,0.0,0.0,0.0,0.0,0.6,0.4,0.0,0.0,0.5,0.5
0.659,0.0,0.0,1.0,0.0,0.0,1.0,1.0,0.0,0.0,0.0,0.0,1.0
0.7724686868686867,0.0,0.0,0.0,0.0,0.0,0.0,0.0,0.0,0.0,0.0,0.0,0.0
0.659,0.0,0.0,1.0,0.0,0.0,1.0,1.0,0.0,0.0,0.0,0.0,1.0
0.995,1.96255e-05,0.0,1.0,0.0,0.0,1.0,1.0,0.0,0.0,0.0,0.0,1.0
0.7724686868686867,9.23975e-06,0.0,0.0,0.0,0.0,0.0,0.0,0.0,0.0,0.0,0.0,0.0
0.001,0.0,0.0,1.0,1.0,0.0,0.0,1.0,0.0,0.0,0.0,0.0,1.0
1.0,0.00010106,0.0,1.0,1.0,0.0,0.0,1.0,0.0,0.0,0.0,1.0,0.0
0.7724686868686867,0.0,0.0,0.0,0.0,0.0,0.0,0.0,0.0,0.0,0.0,0.0,0.0
0.0,0.0,0.0,1.0,0.0,0.5,0.5,0.0,1.0,0.0,0.0,0.0,1.0
